element,label,segment,point,x_east_m,y_north_m
ellipse,M=5.75 m=2.8755,0,0,0.0000,2.8755
ellipse,M=5.75 m=2.8755,0,1,0.1004,2.8750
ellipse,M=5.75 m=2.8755,0,2,0.2007,2.8737
ellipse,M=5.75 m=2.8755,0,3,0.3009,2.8715
ellipse,M=5.75 m=2.8755,0,4,0.4011,2.8685
ellipse,M=5.75 m=2.8755,0,5,0.5011,2.8645
ellipse,M=5.75 m=2.8755,0,6,0.6010,2.8597
ellipse,M=5.75 m=2.8755,0,7,0.7007,2.8540
ellipse,M=5.75 m=2.8755,0,8,0.8002,2.8475
ellipse,M=5.75 m=2.8755,0,9,0.8995,2.8401
ellipse,M=5.75 m=2.8755,0,10,0.9985,2.8318
ellipse,M=5.75 m=2.8755,0,11,1.0972,2.8226
ellipse,M=5.75 m=2.8755,0,12,1.1955,2.8126
ellipse,M=5.75 m=2.8755,0,13,1.2935,2.8018
ellipse,M=5.75 m=2.8755,0,14,1.3911,2.7901
ellipse,M=5.75 m=2.8755,0,15,1.4882,2.7775
ellipse,M=5.75 m=2.8755,0,16,1.5849,2.7641
ellipse,M=5.75 m=2.8755,0,17,1.6811,2.7498
ellipse,M=5.75 m=2.8755,0,18,1.7768,2.7347
ellipse,M=5.75 m=2.8755,0,19,1.8720,2.7188
ellipse,M=5.75 m=2.8755,0,20,1.9666,2.7021
ellipse,M=5.75 m=2.8755,0,21,2.0606,2.6845
ellipse,M=5.75 m=2.8755,0,22,2.1540,2.6661
ellipse,M=5.75 m=2.8755,0,23,2.2467,2.6469
ellipse,M=5.75 m=2.8755,0,24,2.3387,2.6269
ellipse,M=5.75 m=2.8755,0,25,2.4301,2.6061
ellipse,M=5.75 m=2.8755,0,26,2.5206,2.5845
ellipse,M=5.75 m=2.8755,0,27,2.6104,2.5621
ellipse,M=5.75 m=2.8755,0,28,2.6995,2.5389
ellipse,M=5.75 m=2.8755,0,29,2.7877,2.5149
ellipse,M=5.75 m=2.8755,0,30,2.8750,2.4902
ellipse,M=5.75 m=2.8755,0,31,2.9615,2.4648
ellipse,M=5.75 m=2.8755,0,32,3.0470,2.4385
ellipse,M=5.75 m=2.8755,0,33,3.1317,2.4116
ellipse,M=5.75 m=2.8755,0,34,3.2154,2.3839
ellipse,M=5.75 m=2.8755,0,35,3.2981,2.3554
ellipse,M=5.75 m=2.8755,0,36,3.3798,2.3263
ellipse,M=5.75 m=2.8755,0,37,3.4604,2.2965
ellipse,M=5.75 m=2.8755,0,38,3.5401,2.2659
ellipse,M=5.75 m=2.8755,0,39,3.6186,2.2347
ellipse,M=5.75 m=2.8755,0,40,3.6960,2.2027
ellipse,M=5.75 m=2.8755,0,41,3.7723,2.1701
ellipse,M=5.75 m=2.8755,0,42,3.8475,2.1369
ellipse,M=5.75 m=2.8755,0,43,3.9215,2.1030
ellipse,M=5.75 m=2.8755,0,44,3.9943,2.0684
ellipse,M=5.75 m=2.8755,0,45,4.0659,2.0333
ellipse,M=5.75 m=2.8755,0,46,4.1362,1.9975
ellipse,M=5.75 m=2.8755,0,47,4.2053,1.9611
ellipse,M=5.75 m=2.8755,0,48,4.2731,1.9241
ellipse,M=5.75 m=2.8755,0,49,4.3396,1.8865
ellipse,M=5.75 m=2.8755,0,50,4.4048,1.8483
ellipse,M=5.75 m=2.8755,0,51,4.4686,1.8096
ellipse,M=5.75 m=2.8755,0,52,4.5311,1.7703
ellipse,M=5.75 m=2.8755,0,53,4.5922,1.7305
ellipse,M=5.75 m=2.8755,0,54,4.6518,1.6902
ellipse,M=5.75 m=2.8755,0,55,4.7101,1.6493
ellipse,M=5.75 m=2.8755,0,56,4.7670,1.6079
ellipse,M=5.75 m=2.8755,0,57,4.8224,1.5661
ellipse,M=5.75 m=2.8755,0,58,4.8763,1.5238
ellipse,M=5.75 m=2.8755,0,59,4.9287,1.4810
ellipse,M=5.75 m=2.8755,0,60,4.9796,1.4377
ellipse,M=5.75 m=2.8755,0,61,5.0291,1.3941
ellipse,M=5.75 m=2.8755,0,62,5.0769,1.3500
ellipse,M=5.75 m=2.8755,0,63,5.1233,1.3054
ellipse,M=5.75 m=2.8755,0,64,5.1681,1.2605
ellipse,M=5.75 m=2.8755,0,65,5.2113,1.2152
ellipse,M=5.75 m=2.8755,0,66,5.2529,1.1696
ellipse,M=5.75 m=2.8755,0,67,5.2929,1.1235
ellipse,M=5.75 m=2.8755,0,68,5.3313,1.0772
ellipse,M=5.75 m=2.8755,0,69,5.3681,1.0305
ellipse,M=5.75 m=2.8755,0,70,5.4032,0.9835
ellipse,M=5.75 m=2.8755,0,71,5.4367,0.9362
ellipse,M=5.75 m=2.8755,0,72,5.4686,0.8886
ellipse,M=5.75 m=2.8755,0,73,5.4988,0.8407
ellipse,M=5.75 m=2.8755,0,74,5.5273,0.7926
ellipse,M=5.75 m=2.8755,0,75,5.5541,0.7442
ellipse,M=5.75 m=2.8755,0,76,5.5792,0.6956
ellipse,M=5.75 m=2.8755,0,77,5.6026,0.6468
ellipse,M=5.75 m=2.8755,0,78,5.6243,0.5978
ellipse,M=5.75 m=2.8755,0,79,5.6444,0.5487
ellipse,M=5.75 m=2.8755,0,80,5.6626,0.4993
ellipse,M=5.75 m=2.8755,0,81,5.6792,0.4498
ellipse,M=5.75 m=2.8755,0,82,5.6940,0.4002
ellipse,M=5.75 m=2.8755,0,83,5.7071,0.3504
ellipse,M=5.75 m=2.8755,0,84,5.7185,0.3006
ellipse,M=5.75 m=2.8755,0,85,5.7281,0.2506
ellipse,M=5.75 m=2.8755,0,86,5.7360,0.2006
ellipse,M=5.75 m=2.8755,0,87,5.7421,0.1505
ellipse,M=5.75 m=2.8755,0,88,5.7465,0.1004
ellipse,M=5.75 m=2.8755,0,89,5.7491,0.0502
ellipse,M=5.75 m=2.8755,0,90,5.7500,0.0000
ellipse,M=5.75 m=2.8755,0,91,5.7491,-0.0502
ellipse,M=5.75 m=2.8755,0,92,5.7465,-0.1004
ellipse,M=5.75 m=2.8755,0,93,5.7421,-0.1505
ellipse,M=5.75 m=2.8755,0,94,5.7360,-0.2006
ellipse,M=5.75 m=2.8755,0,95,5.7281,-0.2506
ellipse,M=5.75 m=2.8755,0,96,5.7185,-0.3006
ellipse,M=5.75 m=2.8755,0,97,5.7071,-0.3504
ellipse,M=5.75 m=2.8755,0,98,5.6940,-0.4002
ellipse,M=5.75 m=2.8755,0,99,5.6792,-0.4498
ellipse,M=5.75 m=2.8755,0,100,5.6626,-0.4993
ellipse,M=5.75 m=2.8755,0,101,5.6444,-0.5487
ellipse,M=5.75 m=2.8755,0,102,5.6243,-0.5978
ellipse,M=5.75 m=2.8755,0,103,5.6026,-0.6468
ellipse,M=5.75 m=2.8755,0,104,5.5792,-0.6956
ellipse,M=5.75 m=2.8755,0,105,5.5541,-0.7442
ellipse,M=5.75 m=2.8755,0,106,5.5273,-0.7926
ellipse,M=5.75 m=2.8755,0,107,5.4988,-0.8407
ellipse,M=5.75 m=2.8755,0,108,5.4686,-0.8886
ellipse,M=5.75 m=2.8755,0,109,5.4367,-0.9362
ellipse,M=5.75 m=2.8755,0,110,5.4032,-0.9835
ellipse,M=5.75 m=2.8755,0,111,5.3681,-1.0305
ellipse,M=5.75 m=2.8755,0,112,5.3313,-1.0772
ellipse,M=5.75 m=2.8755,0,113,5.2929,-1.1235
ellipse,M=5.75 m=2.8755,0,114,5.2529,-1.1696
ellipse,M=5.75 m=2.8755,0,115,5.2113,-1.2152
ellipse,M=5.75 m=2.8755,0,116,5.1681,-1.2605
ellipse,M=5.75 m=2.8755,0,117,5.1233,-1.3054
ellipse,M=5.75 m=2.8755,0,118,5.0769,-1.3500
ellipse,M=5.75 m=2.8755,0,119,5.0291,-1.3941
ellipse,M=5.75 m=2.8755,0,120,4.9796,-1.4377
ellipse,M=5.75 m=2.8755,0,121,4.9287,-1.4810
ellipse,M=5.75 m=2.8755,0,122,4.8763,-1.5238
ellipse,M=5.75 m=2.8755,0,123,4.8224,-1.5661
ellipse,M=5.75 m=2.8755,0,124,4.7670,-1.6079
ellipse,M=5.75 m=2.8755,0,125,4.7101,-1.6493
ellipse,M=5.75 m=2.8755,0,126,4.6518,-1.6902
ellipse,M=5.75 m=2.8755,0,127,4.5922,-1.7305
ellipse,M=5.75 m=2.8755,0,128,4.5311,-1.7703
ellipse,M=5.75 m=2.8755,0,129,4.4686,-1.8096
ellipse,M=5.75 m=2.8755,0,130,4.4048,-1.8483
ellipse,M=5.75 m=2.8755,0,131,4.3396,-1.8865
ellipse,M=5.75 m=2.8755,0,132,4.2731,-1.9241
ellipse,M=5.75 m=2.8755,0,133,4.2053,-1.9611
ellipse,M=5.75 m=2.8755,0,134,4.1362,-1.9975
ellipse,M=5.75 m=2.8755,0,135,4.0659,-2.0333
ellipse,M=5.75 m=2.8755,0,136,3.9943,-2.0684
ellipse,M=5.75 m=2.8755,0,137,3.9215,-2.1030
ellipse,M=5.75 m=2.8755,0,138,3.8475,-2.1369
ellipse,M=5.75 m=2.8755,0,139,3.7723,-2.1701
ellipse,M=5.75 m=2.8755,0,140,3.6960,-2.2027
ellipse,M=5.75 m=2.8755,0,141,3.6186,-2.2347
ellipse,M=5.75 m=2.8755,0,142,3.5401,-2.2659
ellipse,M=5.75 m=2.8755,0,143,3.4604,-2.2965
ellipse,M=5.75 m=2.8755,0,144,3.3798,-2.3263
ellipse,M=5.75 m=2.8755,0,145,3.2981,-2.3554
ellipse,M=5.75 m=2.8755,0,146,3.2154,-2.3839
ellipse,M=5.75 m=2.8755,0,147,3.1317,-2.4116
ellipse,M=5.75 m=2.8755,0,148,3.0470,-2.4385
ellipse,M=5.75 m=2.8755,0,149,2.9615,-2.4648
ellipse,M=5.75 m=2.8755,0,150,2.8750,-2.4902
ellipse,M=5.75 m=2.8755,0,151,2.7877,-2.5149
ellipse,M=5.75 m=2.8755,0,152,2.6995,-2.5389
ellipse,M=5.75 m=2.8755,0,153,2.6104,-2.5621
ellipse,M=5.75 m=2.8755,0,154,2.5206,-2.5845
ellipse,M=5.75 m=2.8755,0,155,2.4301,-2.6061
ellipse,M=5.75 m=2.8755,0,156,2.3387,-2.6269
ellipse,M=5.75 m=2.8755,0,157,2.2467,-2.6469
ellipse,M=5.75 m=2.8755,0,158,2.1540,-2.6661
ellipse,M=5.75 m=2.8755,0,159,2.0606,-2.6845
ellipse,M=5.75 m=2.8755,0,160,1.9666,-2.7021
ellipse,M=5.75 m=2.8755,0,161,1.8720,-2.7188
ellipse,M=5.75 m=2.8755,0,162,1.7768,-2.7347
ellipse,M=5.75 m=2.8755,0,163,1.6811,-2.7498
ellipse,M=5.75 m=2.8755,0,164,1.5849,-2.7641
ellipse,M=5.75 m=2.8755,0,165,1.4882,-2.7775
ellipse,M=5.75 m=2.8755,0,166,1.3911,-2.7901
ellipse,M=5.75 m=2.8755,0,167,1.2935,-2.8018
ellipse,M=5.75 m=2.8755,0,168,1.1955,-2.8126
ellipse,M=5.75 m=2.8755,0,169,1.0972,-2.8226
ellipse,M=5.75 m=2.8755,0,170,0.9985,-2.8318
ellipse,M=5.75 m=2.8755,0,171,0.8995,-2.8401
ellipse,M=5.75 m=2.8755,0,172,0.8002,-2.8475
ellipse,M=5.75 m=2.8755,0,173,0.7007,-2.8540
ellipse,M=5.75 m=2.8755,0,174,0.6010,-2.8597
ellipse,M=5.75 m=2.8755,0,175,0.5011,-2.8645
ellipse,M=5.75 m=2.8755,0,176,0.4011,-2.8685
ellipse,M=5.75 m=2.8755,0,177,0.3009,-2.8715
ellipse,M=5.75 m=2.8755,0,178,0.2007,-2.8737
ellipse,M=5.75 m=2.8755,0,179,0.1004,-2.8750
ellipse,M=5.75 m=2.8755,0,180,0.0000,-2.8755
ellipse,M=5.75 m=2.8755,0,181,-0.1004,-2.8750
ellipse,M=5.75 m=2.8755,0,182,-0.2007,-2.8737
ellipse,M=5.75 m=2.8755,0,183,-0.3009,-2.8715
ellipse,M=5.75 m=2.8755,0,184,-0.4011,-2.8685
ellipse,M=5.75 m=2.8755,0,185,-0.5011,-2.8645
ellipse,M=5.75 m=2.8755,0,186,-0.6010,-2.8597
ellipse,M=5.75 m=2.8755,0,187,-0.7007,-2.8540
ellipse,M=5.75 m=2.8755,0,188,-0.8002,-2.8475
ellipse,M=5.75 m=2.8755,0,189,-0.8995,-2.8401
ellipse,M=5.75 m=2.8755,0,190,-0.9985,-2.8318
ellipse,M=5.75 m=2.8755,0,191,-1.0972,-2.8226
ellipse,M=5.75 m=2.8755,0,192,-1.1955,-2.8126
ellipse,M=5.75 m=2.8755,0,193,-1.2935,-2.8018
ellipse,M=5.75 m=2.8755,0,194,-1.3911,-2.7901
ellipse,M=5.75 m=2.8755,0,195,-1.4882,-2.7775
ellipse,M=5.75 m=2.8755,0,196,-1.5849,-2.7641
ellipse,M=5.75 m=2.8755,0,197,-1.6811,-2.7498
ellipse,M=5.75 m=2.8755,0,198,-1.7768,-2.7347
ellipse,M=5.75 m=2.8755,0,199,-1.8720,-2.7188
ellipse,M=5.75 m=2.8755,0,200,-1.9666,-2.7021
ellipse,M=5.75 m=2.8755,0,201,-2.0606,-2.6845
ellipse,M=5.75 m=2.8755,0,202,-2.1540,-2.6661
ellipse,M=5.75 m=2.8755,0,203,-2.2467,-2.6469
ellipse,M=5.75 m=2.8755,0,204,-2.3387,-2.6269
ellipse,M=5.75 m=2.8755,0,205,-2.4301,-2.6061
ellipse,M=5.75 m=2.8755,0,206,-2.5206,-2.5845
ellipse,M=5.75 m=2.8755,0,207,-2.6104,-2.5621
ellipse,M=5.75 m=2.8755,0,208,-2.6995,-2.5389
ellipse,M=5.75 m=2.8755,0,209,-2.7877,-2.5149
ellipse,M=5.75 m=2.8755,0,210,-2.8750,-2.4902
ellipse,M=5.75 m=2.8755,0,211,-2.9615,-2.4648
ellipse,M=5.75 m=2.8755,0,212,-3.0470,-2.4385
ellipse,M=5.75 m=2.8755,0,213,-3.1317,-2.4116
ellipse,M=5.75 m=2.8755,0,214,-3.2154,-2.3839
ellipse,M=5.75 m=2.8755,0,215,-3.2981,-2.3554
ellipse,M=5.75 m=2.8755,0,216,-3.3798,-2.3263
ellipse,M=5.75 m=2.8755,0,217,-3.4604,-2.2965
ellipse,M=5.75 m=2.8755,0,218,-3.5401,-2.2659
ellipse,M=5.75 m=2.8755,0,219,-3.6186,-2.2347
ellipse,M=5.75 m=2.8755,0,220,-3.6960,-2.2027
ellipse,M=5.75 m=2.8755,0,221,-3.7723,-2.1701
ellipse,M=5.75 m=2.8755,0,222,-3.8475,-2.1369
ellipse,M=5.75 m=2.8755,0,223,-3.9215,-2.1030
ellipse,M=5.75 m=2.8755,0,224,-3.9943,-2.0684
ellipse,M=5.75 m=2.8755,0,225,-4.0659,-2.0333
ellipse,M=5.75 m=2.8755,0,226,-4.1362,-1.9975
ellipse,M=5.75 m=2.8755,0,227,-4.2053,-1.9611
ellipse,M=5.75 m=2.8755,0,228,-4.2731,-1.9241
ellipse,M=5.75 m=2.8755,0,229,-4.3396,-1.8865
ellipse,M=5.75 m=2.8755,0,230,-4.4048,-1.8483
ellipse,M=5.75 m=2.8755,0,231,-4.4686,-1.8096
ellipse,M=5.75 m=2.8755,0,232,-4.5311,-1.7703
ellipse,M=5.75 m=2.8755,0,233,-4.5922,-1.7305
ellipse,M=5.75 m=2.8755,0,234,-4.6518,-1.6902
ellipse,M=5.75 m=2.8755,0,235,-4.7101,-1.6493
ellipse,M=5.75 m=2.8755,0,236,-4.7670,-1.6079
ellipse,M=5.75 m=2.8755,0,237,-4.8224,-1.5661
ellipse,M=5.75 m=2.8755,0,238,-4.8763,-1.5238
ellipse,M=5.75 m=2.8755,0,239,-4.9287,-1.4810
ellipse,M=5.75 m=2.8755,0,240,-4.9796,-1.4377
ellipse,M=5.75 m=2.8755,0,241,-5.0291,-1.3941
ellipse,M=5.75 m=2.8755,0,242,-5.0769,-1.3500
ellipse,M=5.75 m=2.8755,0,243,-5.1233,-1.3054
ellipse,M=5.75 m=2.8755,0,244,-5.1681,-1.2605
ellipse,M=5.75 m=2.8755,0,245,-5.2113,-1.2152
ellipse,M=5.75 m=2.8755,0,246,-5.2529,-1.1696
ellipse,M=5.75 m=2.8755,0,247,-5.2929,-1.1235
ellipse,M=5.75 m=2.8755,0,248,-5.3313,-1.0772
ellipse,M=5.75 m=2.8755,0,249,-5.3681,-1.0305
ellipse,M=5.75 m=2.8755,0,250,-5.4032,-0.9835
ellipse,M=5.75 m=2.8755,0,251,-5.4367,-0.9362
ellipse,M=5.75 m=2.8755,0,252,-5.4686,-0.8886
ellipse,M=5.75 m=2.8755,0,253,-5.4988,-0.8407
ellipse,M=5.75 m=2.8755,0,254,-5.5273,-0.7926
ellipse,M=5.75 m=2.8755,0,255,-5.5541,-0.7442
ellipse,M=5.75 m=2.8755,0,256,-5.5792,-0.6956
ellipse,M=5.75 m=2.8755,0,257,-5.6026,-0.6468
ellipse,M=5.75 m=2.8755,0,258,-5.6243,-0.5978
ellipse,M=5.75 m=2.8755,0,259,-5.6444,-0.5487
ellipse,M=5.75 m=2.8755,0,260,-5.6626,-0.4993
ellipse,M=5.75 m=2.8755,0,261,-5.6792,-0.4498
ellipse,M=5.75 m=2.8755,0,262,-5.6940,-0.4002
ellipse,M=5.75 m=2.8755,0,263,-5.7071,-0.3504
ellipse,M=5.75 m=2.8755,0,264,-5.7185,-0.3006
ellipse,M=5.75 m=2.8755,0,265,-5.7281,-0.2506
ellipse,M=5.75 m=2.8755,0,266,-5.7360,-0.2006
ellipse,M=5.75 m=2.8755,0,267,-5.7421,-0.1505
ellipse,M=5.75 m=2.8755,0,268,-5.7465,-0.1004
ellipse,M=5.75 m=2.8755,0,269,-5.7491,-0.0502
ellipse,M=5.75 m=2.8755,0,270,-5.7500,-0.0000
ellipse,M=5.75 m=2.8755,0,271,-5.7491,0.0502
ellipse,M=5.75 m=2.8755,0,272,-5.7465,0.1004
ellipse,M=5.75 m=2.8755,0,273,-5.7421,0.1505
ellipse,M=5.75 m=2.8755,0,274,-5.7360,0.2006
ellipse,M=5.75 m=2.8755,0,275,-5.7281,0.2506
ellipse,M=5.75 m=2.8755,0,276,-5.7185,0.3006
ellipse,M=5.75 m=2.8755,0,277,-5.7071,0.3504
ellipse,M=5.75 m=2.8755,0,278,-5.6940,0.4002
ellipse,M=5.75 m=2.8755,0,279,-5.6792,0.4498
ellipse,M=5.75 m=2.8755,0,280,-5.6626,0.4993
ellipse,M=5.75 m=2.8755,0,281,-5.6444,0.5487
ellipse,M=5.75 m=2.8755,0,282,-5.6243,0.5978
ellipse,M=5.75 m=2.8755,0,283,-5.6026,0.6468
ellipse,M=5.75 m=2.8755,0,284,-5.5792,0.6956
ellipse,M=5.75 m=2.8755,0,285,-5.5541,0.7442
ellipse,M=5.75 m=2.8755,0,286,-5.5273,0.7926
ellipse,M=5.75 m=2.8755,0,287,-5.4988,0.8407
ellipse,M=5.75 m=2.8755,0,288,-5.4686,0.8886
ellipse,M=5.75 m=2.8755,0,289,-5.4367,0.9362
ellipse,M=5.75 m=2.8755,0,290,-5.4032,0.9835
ellipse,M=5.75 m=2.8755,0,291,-5.3681,1.0305
ellipse,M=5.75 m=2.8755,0,292,-5.3313,1.0772
ellipse,M=5.75 m=2.8755,0,293,-5.2929,1.1235
ellipse,M=5.75 m=2.8755,0,294,-5.2529,1.1696
ellipse,M=5.75 m=2.8755,0,295,-5.2113,1.2152
ellipse,M=5.75 m=2.8755,0,296,-5.1681,1.2605
ellipse,M=5.75 m=2.8755,0,297,-5.1233,1.3054
ellipse,M=5.75 m=2.8755,0,298,-5.0769,1.3500
ellipse,M=5.75 m=2.8755,0,299,-5.0291,1.3941
ellipse,M=5.75 m=2.8755,0,300,-4.9796,1.4377
ellipse,M=5.75 m=2.8755,0,301,-4.9287,1.4810
ellipse,M=5.75 m=2.8755,0,302,-4.8763,1.5238
ellipse,M=5.75 m=2.8755,0,303,-4.8224,1.5661
ellipse,M=5.75 m=2.8755,0,304,-4.7670,1.6079
ellipse,M=5.75 m=2.8755,0,305,-4.7101,1.6493
ellipse,M=5.75 m=2.8755,0,306,-4.6518,1.6902
ellipse,M=5.75 m=2.8755,0,307,-4.5922,1.7305
ellipse,M=5.75 m=2.8755,0,308,-4.5311,1.7703
ellipse,M=5.75 m=2.8755,0,309,-4.4686,1.8096
ellipse,M=5.75 m=2.8755,0,310,-4.4048,1.8483
ellipse,M=5.75 m=2.8755,0,311,-4.3396,1.8865
ellipse,M=5.75 m=2.8755,0,312,-4.2731,1.9241
ellipse,M=5.75 m=2.8755,0,313,-4.2053,1.9611
ellipse,M=5.75 m=2.8755,0,314,-4.1362,1.9975
ellipse,M=5.75 m=2.8755,0,315,-4.0659,2.0333
ellipse,M=5.75 m=2.8755,0,316,-3.9943,2.0684
ellipse,M=5.75 m=2.8755,0,317,-3.9215,2.1030
ellipse,M=5.75 m=2.8755,0,318,-3.8475,2.1369
ellipse,M=5.75 m=2.8755,0,319,-3.7723,2.1701
ellipse,M=5.75 m=2.8755,0,320,-3.6960,2.2027
ellipse,M=5.75 m=2.8755,0,321,-3.6186,2.2347
ellipse,M=5.75 m=2.8755,0,322,-3.5401,2.2659
ellipse,M=5.75 m=2.8755,0,323,-3.4604,2.2965
ellipse,M=5.75 m=2.8755,0,324,-3.3798,2.3263
ellipse,M=5.75 m=2.8755,0,325,-3.2981,2.3554
ellipse,M=5.75 m=2.8755,0,326,-3.2154,2.3839
ellipse,M=5.75 m=2.8755,0,327,-3.1317,2.4116
ellipse,M=5.75 m=2.8755,0,328,-3.0470,2.4385
ellipse,M=5.75 m=2.8755,0,329,-2.9615,2.4648
ellipse,M=5.75 m=2.8755,0,330,-2.8750,2.4902
ellipse,M=5.75 m=2.8755,0,331,-2.7877,2.5149
ellipse,M=5.75 m=2.8755,0,332,-2.6995,2.5389
ellipse,M=5.75 m=2.8755,0,333,-2.6104,2.5621
ellipse,M=5.75 m=2.8755,0,334,-2.5206,2.5845
ellipse,M=5.75 m=2.8755,0,335,-2.4301,2.6061
ellipse,M=5.75 m=2.8755,0,336,-2.3387,2.6269
ellipse,M=5.75 m=2.8755,0,337,-2.2467,2.6469
ellipse,M=5.75 m=2.8755,0,338,-2.1540,2.6661
ellipse,M=5.75 m=2.8755,0,339,-2.0606,2.6845
ellipse,M=5.75 m=2.8755,0,340,-1.9666,2.7021
ellipse,M=5.75 m=2.8755,0,341,-1.8720,2.7188
ellipse,M=5.75 m=2.8755,0,342,-1.7768,2.7347
ellipse,M=5.75 m=2.8755,0,343,-1.6811,2.7498
ellipse,M=5.75 m=2.8755,0,344,-1.5849,2.7641
ellipse,M=5.75 m=2.8755,0,345,-1.4882,2.7775
ellipse,M=5.75 m=2.8755,0,346,-1.3911,2.7901
ellipse,M=5.75 m=2.8755,0,347,-1.2935,2.8018
ellipse,M=5.75 m=2.8755,0,348,-1.1955,2.8126
ellipse,M=5.75 m=2.8755,0,349,-1.0972,2.8226
ellipse,M=5.75 m=2.8755,0,350,-0.9985,2.8318
ellipse,M=5.75 m=2.8755,0,351,-0.8995,2.8401
ellipse,M=5.75 m=2.8755,0,352,-0.8002,2.8475
ellipse,M=5.75 m=2.8755,0,353,-0.7007,2.8540
ellipse,M=5.75 m=2.8755,0,354,-0.6010,2.8597
ellipse,M=5.75 m=2.8755,0,355,-0.5011,2.8645
ellipse,M=5.75 m=2.8755,0,356,-0.4011,2.8685
ellipse,M=5.75 m=2.8755,0,357,-0.3009,2.8715
ellipse,M=5.75 m=2.8755,0,358,-0.2007,2.8737
ellipse,M=5.75 m=2.8755,0,359,-0.1004,2.8750
ellipse,M=5.75 m=2.8755,0,360,-0.0000,2.8755
hour_star,5:00 EET,0,0,-5.5851,-0.6837
hour_star,6:00 EET,0,0,-5.7486,0.0624
hour_star,7:00 EET,0,0,-5.5204,0.8044
hour_star,8:00 EET,0,0,-4.9160,1.4915
hour_star,9:00 EET,0,0,-3.9766,2.0769
hour_star,10:00 EET,0,0,-2.7662,2.5209
hour_star,11:00 EET,0,0,-1.3672,2.7930
hour_star,12:00 EET,0,0,0.1249,2.8748
hour_star,13:00 EET,0,0,1.6085,2.7607
hour_star,14:00 EET,0,0,2.9825,2.4584
hour_star,15:00 EET,0,0,4.1532,1.9886
hour_star,16:00 EET,0,0,5.0409,1.3833
hour_star,17:00 EET,0,0,5.5851,0.6837
hour_star,18:00 EET,0,0,5.7486,-0.0624
hour_star,19:00 EET,0,0,5.5204,-0.8044
date_scale,x=0,0,0,0.0000,-2.1139
date_scale,x=0,0,1,0.0000,-2.0623
date_scale,x=0,0,2,0.0000,-2.0077
date_scale,x=0,0,3,0.0000,-1.9421
date_scale,x=0,0,4,0.0000,-1.8862
date_scale,x=0,0,5,0.0000,-1.8248
date_scale,x=0,0,6,0.0000,-1.7584
date_scale,x=0,0,7,0.0000,-1.6873
date_scale,x=0,0,8,0.0000,-1.6119
date_scale,x=0,0,9,0.0000,-1.5594
date_scale,x=0,0,10,0.0000,-1.5053
date_scale,x=0,0,11,0.0000,-1.4497
date_scale,x=0,0,12,0.0000,-1.3926
date_scale,x=0,0,13,0.0000,-1.3343
date_scale,x=0,0,14,0.0000,-1.2747
date_scale,x=0,0,15,0.0000,-1.2139
date_scale,x=0,0,16,0.0000,-1.1522
date_scale,x=0,0,17,0.0000,-1.0895
date_scale,x=0,0,18,0.0000,-1.0259
date_scale,x=0,0,19,0.0000,-0.9615
date_scale,x=0,0,20,0.0000,-0.8965
date_scale,x=0,0,21,0.0000,-0.8307
date_scale,x=0,0,22,0.0000,-0.7645
date_scale,x=0,0,23,0.0000,-0.6977
date_scale,x=0,0,24,0.0000,-0.6305
date_scale,x=0,0,25,0.0000,-0.5629
date_scale,x=0,0,26,0.0000,-0.4950
date_scale,x=0,0,27,0.0000,-0.4268
date_scale,x=0,0,28,0.0000,-0.3584
date_scale,x=0,0,29,0.0000,-0.2898
date_scale,x=0,0,30,0.0000,-0.2212
date_scale,x=0,0,31,0.0000,-0.1524
date_scale,x=0,0,32,0.0000,-0.0836
date_scale,x=0,0,33,0.0000,-0.0149
date_scale,x=0,0,34,0.0000,0.0538
date_scale,x=0,0,35,0.0000,0.1223
date_scale,x=0,0,36,0.0000,0.1907
date_scale,x=0,0,37,0.0000,0.2589
date_scale,x=0,0,38,0.0000,0.3269
date_scale,x=0,0,39,0.0000,0.3946
date_scale,x=0,0,40,0.0000,0.4619
date_scale,x=0,0,41,0.0000,0.5289
date_scale,x=0,0,42,0.0000,0.5954
date_scale,x=0,0,43,0.0000,0.6615
date_scale,x=0,0,44,0.0000,0.7270
date_scale,x=0,0,45,0.0000,0.7920
date_scale,x=0,0,46,0.0000,0.8563
date_scale,x=0,0,47,0.0000,0.9200
date_scale,x=0,0,48,0.0000,0.9828
date_scale,x=0,0,49,0.0000,1.0449
date_scale,x=0,0,50,0.0000,1.1061
date_scale,x=0,0,51,0.0000,1.1664
date_scale,x=0,0,52,0.0000,1.2256
date_scale,x=0,0,53,0.0000,1.2838
date_scale,x=0,0,54,0.0000,1.3408
date_scale,x=0,0,55,0.0000,1.3966
date_scale,x=0,0,56,0.0000,1.4511
date_scale,x=0,0,57,0.0000,1.5042
date_scale,x=0,0,58,0.0000,1.5559
date_scale,x=0,0,59,0.0000,1.6059
date_scale,x=0,0,60,0.0000,1.6780
date_scale,x=0,0,61,0.0000,1.7460
date_scale,x=0,0,62,0.0000,1.8099
date_scale,x=0,0,63,0.0000,1.8691
date_scale,x=0,0,64,0.0000,1.9236
date_scale,x=0,0,65,0.0000,1.9882
date_scale,x=0,0,66,0.0000,2.0432
date_scale,x=0,0,67,0.0000,2.0975
date_scale,x=0,0,68,0.0000,2.1491
date_scale,x=0,0,69,0.0000,2.0915
date_scale,x=0,0,70,0.0000,2.0354
date_scale,x=0,0,71,0.0000,1.9793
date_scale,x=0,0,72,0.0000,1.9137
date_scale,x=0,0,73,0.0000,1.8587
date_scale,x=0,0,74,0.0000,1.7991
date_scale,x=0,0,75,0.0000,1.7351
date_scale,x=0,0,76,0.0000,1.6670
date_scale,x=0,0,77,0.0000,1.5951
date_scale,x=0,0,78,0.0000,1.5197
date_scale,x=0,0,79,0.0000,1.4676
date_scale,x=0,0,80,0.0000,1.4141
date_scale,x=0,0,81,0.0000,1.3593
date_scale,x=0,0,82,0.0000,1.3034
date_scale,x=0,0,83,0.0000,1.2463
date_scale,x=0,0,84,0.0000,1.1882
date_scale,x=0,0,85,0.0000,1.1290
date_scale,x=0,0,86,0.0000,1.0690
date_scale,x=0,0,87,0.0000,1.0081
date_scale,x=0,0,88,0.0000,0.9464
date_scale,x=0,0,89,0.0000,0.8839
date_scale,x=0,0,90,0.0000,0.8208
date_scale,x=0,0,91,0.0000,0.7570
date_scale,x=0,0,92,0.0000,0.6927
date_scale,x=0,0,93,0.0000,0.6279
date_scale,x=0,0,94,0.0000,0.5625
date_scale,x=0,0,95,0.0000,0.4968
date_scale,x=0,0,96,0.0000,0.4306
date_scale,x=0,0,97,0.0000,0.3641
date_scale,x=0,0,98,0.0000,0.2974
date_scale,x=0,0,99,0.0000,0.2303
date_scale,x=0,0,100,0.0000,0.1631
date_scale,x=0,0,101,0.0000,0.0956
date_scale,x=0,0,102,0.0000,0.0281
date_scale,x=0,0,103,0.0000,-0.0396
date_scale,x=0,0,104,0.0000,-0.1073
date_scale,x=0,0,105,0.0000,-0.1750
date_scale,x=0,0,106,0.0000,-0.2426
date_scale,x=0,0,107,0.0000,-0.3102
date_scale,x=0,0,108,0.0000,-0.3777
date_scale,x=0,0,109,0.0000,-0.4450
date_scale,x=0,0,110,0.0000,-0.5121
date_scale,x=0,0,111,0.0000,-0.5790
date_scale,x=0,0,112,0.0000,-0.6455
date_scale,x=0,0,113,0.0000,-0.7117
date_scale,x=0,0,114,0.0000,-0.7774
date_scale,x=0,0,115,0.0000,-0.8427
date_scale,x=0,0,116,0.0000,-0.9074
date_scale,x=0,0,117,0.0000,-0.9714
date_scale,x=0,0,118,0.0000,-1.0348
date_scale,x=0,0,119,0.0000,-1.0975
date_scale,x=0,0,120,0.0000,-1.1593
date_scale,x=0,0,121,0.0000,-1.2202
date_scale,x=0,0,122,0.0000,-1.2801
date_scale,x=0,0,123,0.0000,-1.3389
date_scale,x=0,0,124,0.0000,-1.3965
date_scale,x=0,0,125,0.0000,-1.4528
date_scale,x=0,0,126,0.0000,-1.5078
date_scale,x=0,0,127,0.0000,-1.5612
date_scale,x=0,0,128,0.0000,-1.6131
date_scale,x=0,0,129,0.0000,-1.6634
date_scale,x=0,0,130,0.0000,-1.7353
date_scale,x=0,0,131,0.0000,-1.8027
date_scale,x=0,0,132,0.0000,-1.8654
date_scale,x=0,0,133,0.0000,-1.9229
date_scale,x=0,0,134,0.0000,-1.9749
date_scale,x=0,0,135,0.0000,-2.0350
date_scale,x=0,0,136,0.0000,-2.0942
date_scale,x=0,0,137,0.0000,-2.1455
date_scale,x=0,0,138,0.0000,-2.1237
